                  epoch,         train/box_loss,         train/cls_loss,         train/dfl_loss,   metrics/precision(B),      metrics/recall(B),       metrics/mAP50(B),    metrics/mAP50-95(B),           val/box_loss,           val/cls_loss,           val/dfl_loss,                 lr/pg0,                 lr/pg1,                 lr/pg2
                      1,                 1.4479,                0.90941,                0.88397,                0.76351,                0.49607,                0.53634,                0.32809,                 1.4678,                0.97384,                0.87111,                0.00025,                0.00025,                0.00025
                      2,                 1.5817,                0.99794,                0.91299,                0.78489,                0.51937,                0.54354,                0.32945,                 1.5031,                0.94858,                0.87165,             0.00042794,             0.00042794,             0.00042794
                      3,                 1.6724,                 1.3397,                0.92061,                0.84143,                0.50197,                0.56128,                0.33769,                 1.4832,                0.95346,                0.87684,             0.00051925,             0.00051925,             0.00051925
                      4,                 1.6291,                0.97498,                0.90347,                0.69303,                  0.479,                0.52072,                0.31518,                 1.3898,                0.91444,                0.87229,             0.00052394,             0.00052394,             0.00052394
                      5,                 1.6481,                0.97403,                 0.9113,                0.76795,                0.55815,                0.56854,                0.31637,                 1.5103,                0.91035,                0.87956,               0.000425,               0.000425,               0.000425
                      6,                 1.5722,                0.94505,                0.90053,                0.86003,                0.51521,                0.58605,                0.35336,                  1.554,                0.95959,                0.88175,               0.000425,               0.000425,               0.000425
