                  epoch,         train/box_loss,         train/cls_loss,         train/dfl_loss,   metrics/precision(B),      metrics/recall(B),       metrics/mAP50(B),    metrics/mAP50-95(B),           val/box_loss,           val/cls_loss,           val/dfl_loss,                 lr/pg0,                 lr/pg1,                 lr/pg2
                      1,                 1.4173,                0.86679,                 0.8767,                0.91453,                0.47765,                0.58143,                0.36145,                 1.3891,                 1.7983,                0.57642,                0.00025,                0.00025,                0.00025
                      2,                 1.4826,                0.90896,                0.89648,                  0.845,                0.50601,                0.59338,                0.35832,                 1.5059,                  1.786,                0.58087,             0.00042794,             0.00042794,             0.00042794
                      3,                 1.6016,                  1.095,                0.91369,                 0.7534,                0.49921,                0.55829,                0.33229,                 1.4693,                 1.7943,                0.58327,             0.00051925,             0.00051925,             0.00051925
                      4,                 1.5488,                 0.8848,                0.89039,                0.78991,                 0.5791,                0.62833,                 0.3613,                 1.5611,                 1.7916,                0.58997,             0.00052394,             0.00052394,             0.00052394
                      5,                  1.558,                0.90304,                0.89675,                0.78437,                0.57694,                0.62557,                0.37734,                  1.418,                 1.6913,                0.57934,               0.000425,               0.000425,               0.000425
                      6,                 1.5071,                0.89581,                0.89311,                 0.8736,                0.51488,                0.61526,                0.38046,                  1.405,                 1.6904,                0.58002,               0.000425,               0.000425,               0.000425
