                  epoch,         train/box_loss,         train/cls_loss,         train/dfl_loss,   metrics/precision(B),      metrics/recall(B),       metrics/mAP50(B),    metrics/mAP50-95(B),           val/box_loss,           val/cls_loss,           val/dfl_loss,                 lr/pg0,                 lr/pg1,                 lr/pg2
                      1,                 1.5975,                  1.019,                0.90754,                 0.7837,                0.52263,                0.55177,                0.31086,                 1.4967,                0.97981,                0.87457,                0.00025,                0.00025,                0.00025
                      2,                 1.6587,                 1.0452,                0.92582,                0.81953,                0.49619,                 0.5476,                0.32526,                 1.5529,                0.95669,                0.88179,             0.00042794,             0.00042794,             0.00042794
                      3,                 1.7024,                  1.329,                0.92719,                0.74231,                0.47377,                0.49734,                0.30689,                 1.3995,                 1.0497,                 0.8749,             0.00051925,             0.00051925,             0.00051925
                      4,                 1.6421,                 1.0039,                0.90594,                0.62042,                0.53051,                0.51017,                0.29842,                 1.4719,                0.96011,                0.87429,             0.00052394,             0.00052394,             0.00052394
                      5,                 1.6733,                0.99038,                0.91262,                0.71979,                0.50432,                0.54682,                 0.3113,                 1.5038,                0.94626,                0.87684,               0.000425,               0.000425,               0.000425
